scenario,noise,seed,detector,detected,delayMaxMin,coverage,falsePerH,heaterSensorFlags,tSrcFlagsOutside,emiMagFlagShare,bmeFaultBlameShare,bmeFaultSensorFlagShare
base,white,0,v0,1,2.5,0.280952380952381,5.68421052631579,0,47,NaN,NaN,NaN
base,white,0,v1,1,4.5,0.980952380952381,0,0,0,NaN,NaN,NaN
base,white,0,v3a,1,4.5,0.980952380952381,0,0,0,NaN,NaN,NaN
base,white,0,v3,1,4.5,0.980952380952381,0,0,0,NaN,NaN,NaN
base,white,1,v0,1,5.5,0.29047619047619,4.89473684210526,0,46,NaN,NaN,NaN
base,white,1,v1,1,5.5,0.976190476190476,0,0,1,NaN,NaN,NaN
base,white,1,v3a,1,5.5,0.976190476190476,0,0,1,NaN,NaN,NaN
base,white,1,v3,1,3.5,0.985714285714286,0,0,1,NaN,NaN,NaN
base,white,2,v0,1,2.5,0.295238095238095,0.473684210526316,0,48,NaN,NaN,NaN
base,white,2,v1,1,4.5,0.980952380952381,0,0,1,NaN,NaN,NaN
base,white,2,v3a,1,5.5,0.976190476190476,0,0,1,NaN,NaN,NaN
base,white,2,v3,1,4.5,0.980952380952381,0,0,1,NaN,NaN,NaN
base,white,3,v0,1,2.5,0.276190476190476,4.57894736842105,0,45,NaN,NaN,NaN
base,white,3,v1,1,5.5,0.976190476190476,0,0,1,NaN,NaN,NaN
base,white,3,v3a,1,5.5,0.976190476190476,0,0,1,NaN,NaN,NaN
base,white,3,v3,1,4.5,0.980952380952381,0,0,1,NaN,NaN,NaN
base,white,4,v0,1,1.5,0.266666666666667,4.26315789473684,0,41,NaN,NaN,NaN
base,white,4,v1,1,5.5,0.976190476190476,0,0,1,NaN,NaN,NaN
base,white,4,v3a,1,4.5,0.980952380952381,0,0,1,NaN,NaN,NaN
base,white,4,v3,1,4.5,0.980952380952381,0,0,1,NaN,NaN,NaN
base,colored,0,v0,1,9.5,0.104761904761905,0.631578947368421,0,47,NaN,NaN,NaN
base,colored,0,v1,1,25.5,0.880952380952381,140.210526315789,25,0,NaN,NaN,NaN
base,colored,0,v3a,1,123.5,0.414285714285714,0,0,0,NaN,NaN,NaN
base,colored,0,v3,1,25.5,0.880952380952381,4.26315789473684,16,0,NaN,NaN,NaN
base,colored,1,v0,1,100.5,0.0761904761904762,0.473684210526316,0,46,NaN,NaN,NaN
base,colored,1,v1,1,0.5,0.961904761904762,152.368421052632,25,1,NaN,NaN,NaN
base,colored,1,v3a,1,19.5,0.90952380952381,0,0,1,NaN,NaN,NaN
base,colored,1,v3,1,13.5,0.938095238095238,5.84210526315789,16,1,NaN,NaN,NaN
base,colored,2,v0,1,27.5,0.0285714285714286,1.57894736842105,0,48,NaN,NaN,NaN
base,colored,2,v1,1,0.5,1,147.789473684211,25,1,NaN,NaN,NaN
base,colored,2,v3a,1,95.5,0.547619047619048,0,0,1,NaN,NaN,NaN
base,colored,2,v3,1,19.5,0.90952380952381,2.68421052631579,15,1,NaN,NaN,NaN
base,colored,3,v0,1,17.5,0.0476190476190476,0,0,45,NaN,NaN,NaN
base,colored,3,v1,1,36.5,0.747619047619048,92.5263157894737,25,1,NaN,NaN,NaN
base,colored,3,v3a,1,73.5,0.652380952380952,0,0,1,NaN,NaN,NaN
base,colored,3,v3,1,16.5,0.923809523809524,44.2105263157895,20,1,NaN,NaN,NaN
base,colored,4,v0,1,7.5,0.114285714285714,0.789473684210526,0,41,NaN,NaN,NaN
base,colored,4,v1,1,0.5,1,161.210526315789,25,1,NaN,NaN,NaN
base,colored,4,v3a,1,136.5,0.352380952380952,0,0,1,NaN,NaN,NaN
base,colored,4,v3,1,13.5,0.938095238095238,0.315789473684211,0,1,NaN,NaN,NaN
hold-fault,white,0,v0,1,8.5,0.2,5.68421052631579,0,47,NaN,NaN,NaN
hold-fault,white,0,v1,1,11.5,0.895238095238095,0,0,0,NaN,NaN,NaN
hold-fault,white,0,v3a,1,10.5,0.904761904761905,0,0,0,NaN,NaN,NaN
hold-fault,white,0,v3,1,7.5,0.933333333333333,0,0,0,NaN,NaN,NaN
hold-fault,white,1,v0,1,11.5,0.19047619047619,4.89473684210526,0,46,NaN,NaN,NaN
hold-fault,white,1,v1,1,9.5,0.914285714285714,0,0,1,NaN,NaN,NaN
hold-fault,white,1,v3a,1,9.5,0.914285714285714,0,0,1,NaN,NaN,NaN
hold-fault,white,1,v3,1,7.5,0.933333333333333,0,0,1,NaN,NaN,NaN
hold-fault,white,2,v0,1,13.5,0.161904761904762,0.473684210526316,0,48,NaN,NaN,NaN
hold-fault,white,2,v1,1,10.5,0.904761904761905,0,0,1,NaN,NaN,NaN
hold-fault,white,2,v3a,1,9.5,0.914285714285714,0,0,1,NaN,NaN,NaN
hold-fault,white,2,v3,1,7.5,0.933333333333333,0,0,1,NaN,NaN,NaN
hold-fault,white,3,v0,1,9.5,0.219047619047619,4.73684210526316,0,45,NaN,NaN,NaN
hold-fault,white,3,v1,1,11.5,0.895238095238095,0,0,1,NaN,NaN,NaN
hold-fault,white,3,v3a,1,10.5,0.904761904761905,0,0,1,NaN,NaN,NaN
hold-fault,white,3,v3,1,9.5,0.914285714285714,0,0,1,NaN,NaN,NaN
hold-fault,white,4,v0,1,9.5,0.180952380952381,5.21052631578947,0,41,NaN,NaN,NaN
hold-fault,white,4,v1,1,11.5,0.895238095238095,0,0,1,NaN,NaN,NaN
hold-fault,white,4,v3a,1,10.5,0.904761904761905,0,0,1,NaN,NaN,NaN
hold-fault,white,4,v3,1,9.5,0.914285714285714,0,0,1,NaN,NaN,NaN
hold-fault,colored,0,v0,0,NaN,0,0.631578947368421,0,47,NaN,NaN,NaN
hold-fault,colored,0,v1,1,0.5,1,156.947368421053,25,0,NaN,NaN,NaN
hold-fault,colored,0,v3a,0,NaN,0,0,0,0,NaN,NaN,NaN
hold-fault,colored,0,v3,1,67.5,0.361904761904762,4.26315789473684,16,0,NaN,NaN,NaN
hold-fault,colored,1,v0,0,NaN,0,0.473684210526316,0,46,NaN,NaN,NaN
hold-fault,colored,1,v1,1,38.5,0.638095238095238,167.526315789474,25,1,NaN,NaN,NaN
hold-fault,colored,1,v3a,0,NaN,0,0,0,1,NaN,NaN,NaN
hold-fault,colored,1,v3,1,60.5,0.428571428571429,5.84210526315789,16,1,NaN,NaN,NaN
hold-fault,colored,2,v0,0,NaN,0,1.57894736842105,0,48,NaN,NaN,NaN
hold-fault,colored,2,v1,1,0.5,1,166.263157894737,25,1,NaN,NaN,NaN
hold-fault,colored,2,v3a,0,NaN,0,0,0,1,NaN,NaN,NaN
hold-fault,colored,2,v3,1,56.5,0.438095238095238,2.68421052631579,15,1,NaN,NaN,NaN
hold-fault,colored,3,v0,1,38.5,0.00952380952380952,0,0,45,NaN,NaN,NaN
hold-fault,colored,3,v1,1,26.5,0.752380952380952,113.052631578947,25,1,NaN,NaN,NaN
hold-fault,colored,3,v3a,0,NaN,0,0,0,1,NaN,NaN,NaN
hold-fault,colored,3,v3,1,52.5,0.342857142857143,44.2105263157895,20,1,NaN,NaN,NaN
hold-fault,colored,4,v0,1,38.5,0.00952380952380952,0.789473684210526,0,41,NaN,NaN,NaN
hold-fault,colored,4,v1,1,0.5,1,175.894736842105,25,1,NaN,NaN,NaN
hold-fault,colored,4,v3a,0,NaN,0,0,0,1,NaN,NaN,NaN
hold-fault,colored,4,v3,1,63.5,0.4,0.315789473684211,0,1,NaN,NaN,NaN
accel-step,white,0,v0,0,NaN,0,5.68421052631579,0,47,NaN,NaN,NaN
accel-step,white,0,v1,1,0.5,1,0,0,0,NaN,NaN,NaN
accel-step,white,0,v3a,1,0.5,1,0,0,0,NaN,NaN,NaN
accel-step,white,0,v3,1,0.5,1,0,0,0,NaN,NaN,NaN
accel-step,white,1,v0,1,0.5,0.0722222222222222,4.89473684210526,0,46,NaN,NaN,NaN
accel-step,white,1,v1,1,0.5,1,0,0,1,NaN,NaN,NaN
accel-step,white,1,v3a,1,0.5,1,0,0,1,NaN,NaN,NaN
accel-step,white,1,v3,1,0.5,1,0,0,1,NaN,NaN,NaN
accel-step,white,2,v0,1,0.5,0.0722222222222222,0.473684210526316,0,48,NaN,NaN,NaN
accel-step,white,2,v1,1,0.5,1,0,0,1,NaN,NaN,NaN
accel-step,white,2,v3a,1,0.5,1,0,0,1,NaN,NaN,NaN
accel-step,white,2,v3,1,0.5,1,0,0,1,NaN,NaN,NaN
accel-step,white,3,v0,1,2.5,0.0611111111111111,4.73684210526316,0,45,NaN,NaN,NaN
accel-step,white,3,v1,1,0.5,1,0,0,1,NaN,NaN,NaN
accel-step,white,3,v3a,1,0.5,1,0,0,1,NaN,NaN,NaN
accel-step,white,3,v3,1,0.5,1,0,0,1,NaN,NaN,NaN
accel-step,white,4,v0,1,6.5,0.0333333333333333,5.21052631578947,0,41,NaN,NaN,NaN
accel-step,white,4,v1,1,0.5,1,0,0,1,NaN,NaN,NaN
accel-step,white,4,v3a,1,0.5,1,0,0,1,NaN,NaN,NaN
accel-step,white,4,v3,1,0.5,1,0,0,1,NaN,NaN,NaN
accel-step,colored,0,v0,0,NaN,0,0.631578947368421,0,47,NaN,NaN,NaN
accel-step,colored,0,v1,1,2.5,0.988888888888889,169.421052631579,25,0,NaN,NaN,NaN
accel-step,colored,0,v3a,1,1.5,0.994444444444444,0,0,0,NaN,NaN,NaN
accel-step,colored,0,v3,1,1.5,0.994444444444444,4.26315789473684,16,0,NaN,NaN,NaN
accel-step,colored,1,v0,1,0.5,0.0666666666666667,0.473684210526316,0,46,NaN,NaN,NaN
accel-step,colored,1,v1,1,8.5,0.955555555555556,159.157894736842,25,1,NaN,NaN,NaN
accel-step,colored,1,v3a,1,1.5,0.994444444444444,0,0,1,NaN,NaN,NaN
accel-step,colored,1,v3,1,1.5,0.994444444444444,5.84210526315789,16,1,NaN,NaN,NaN
accel-step,colored,2,v0,0,NaN,0,1.57894736842105,0,48,NaN,NaN,NaN
accel-step,colored,2,v1,1,7.5,0.833333333333333,182.684210526316,25,1,NaN,NaN,NaN
accel-step,colored,2,v3a,1,1.5,0.994444444444444,0,0,1,NaN,NaN,NaN
accel-step,colored,2,v3,1,1.5,0.994444444444444,2.68421052631579,15,1,NaN,NaN,NaN
accel-step,colored,3,v0,1,3.5,0.0166666666666667,0,0,45,NaN,NaN,NaN
accel-step,colored,3,v1,1,0.5,1,84.6315789473684,25,1,NaN,NaN,NaN
accel-step,colored,3,v3a,1,2.5,0.988888888888889,0,0,1,NaN,NaN,NaN
accel-step,colored,3,v3,1,1.5,0.994444444444444,44.2105263157895,20,1,NaN,NaN,NaN
accel-step,colored,4,v0,0,NaN,0,0.789473684210526,0,41,NaN,NaN,NaN
accel-step,colored,4,v1,1,0.5,1,162.631578947368,25,1,NaN,NaN,NaN
accel-step,colored,4,v3a,1,1.5,0.994444444444444,0,0,1,NaN,NaN,NaN
accel-step,colored,4,v3,1,1.5,0.994444444444444,0.315789473684211,0,1,NaN,NaN,NaN
two-faults,white,0,v0,1,3.5,0.207142857142857,4.26315789473684,0,47,NaN,NaN,NaN
two-faults,white,0,v1,1,6.5,0.976190476190476,0,0,0,NaN,NaN,NaN
two-faults,white,0,v3a,1,6.5,0.976190476190476,0,0,0,NaN,NaN,NaN
two-faults,white,0,v3,1,4.5,0.980952380952381,0,0,0,NaN,NaN,NaN
two-faults,white,1,v0,1,5.5,0.269047619047619,3.63157894736842,0,46,NaN,NaN,NaN
two-faults,white,1,v1,1,7.5,0.971428571428571,0,0,1,NaN,NaN,NaN
two-faults,white,1,v3a,1,6.5,0.973809523809524,0,0,1,NaN,NaN,NaN
two-faults,white,1,v3,1,6.5,0.978571428571429,0,0,1,NaN,NaN,NaN
two-faults,white,2,v0,1,2.5,0.276190476190476,0.315789473684211,0,48,NaN,NaN,NaN
two-faults,white,2,v1,1,8.5,0.971428571428571,0,0,1,NaN,NaN,NaN
two-faults,white,2,v3a,1,7.5,0.971428571428571,0,0,1,NaN,NaN,NaN
two-faults,white,2,v3,1,6.5,0.976190476190476,0,0,1,NaN,NaN,NaN
two-faults,white,3,v0,1,98.5,0.207142857142857,3.15789473684211,0,45,NaN,NaN,NaN
two-faults,white,3,v1,1,5.5,0.976190476190476,0,0,1,NaN,NaN,NaN
two-faults,white,3,v3a,1,5.5,0.976190476190476,0,0,1,NaN,NaN,NaN
two-faults,white,3,v3,1,4.5,0.980952380952381,0,0,1,NaN,NaN,NaN
two-faults,white,4,v0,1,10.5,0.25,4.26315789473684,0,41,NaN,NaN,NaN
two-faults,white,4,v1,1,6.5,0.973809523809524,0,0,1,NaN,NaN,NaN
two-faults,white,4,v3a,1,6.5,0.976190476190476,0,0,1,NaN,NaN,NaN
two-faults,white,4,v3,1,5.5,0.978571428571429,0,0,1,NaN,NaN,NaN
two-faults,colored,0,v0,1,114.5,0.0761904761904762,0.631578947368421,0,47,NaN,NaN,NaN
two-faults,colored,0,v1,1,25.5,0.94047619047619,100.578947368421,25,0,NaN,NaN,NaN
two-faults,colored,0,v3a,1,130.5,0.397619047619048,0,0,0,NaN,NaN,NaN
two-faults,colored,0,v3,1,40.5,0.845238095238095,4.26315789473684,16,0,NaN,NaN,NaN
two-faults,colored,1,v0,0,100.5,0.0380952380952381,0.473684210526316,0,46,NaN,NaN,NaN
two-faults,colored,1,v1,1,60.5,0.8,126.789473684211,25,1,NaN,NaN,NaN
two-faults,colored,1,v3a,1,174.5,0.54047619047619,0,0,1,NaN,NaN,NaN
two-faults,colored,1,v3,1,43.5,0.866666666666667,5.84210526315789,16,1,NaN,NaN,NaN
two-faults,colored,2,v0,1,27.5,0.0166666666666667,1.57894736842105,0,48,NaN,NaN,NaN
two-faults,colored,2,v1,1,0.5,0.833333333333333,130.421052631579,25,1,NaN,NaN,NaN
two-faults,colored,2,v3a,1,171.5,0.366666666666667,0,0,1,NaN,NaN,NaN
two-faults,colored,2,v3,1,25.5,0.895238095238095,2.68421052631579,15,1,NaN,NaN,NaN
two-faults,colored,3,v0,0,17.5,0.0238095238095238,0,0,45,NaN,NaN,NaN
two-faults,colored,3,v1,1,97.5,0.538095238095238,89.6842105263158,25,1,NaN,NaN,NaN
two-faults,colored,3,v3a,1,153.5,0.461904761904762,0,0,1,NaN,NaN,NaN
two-faults,colored,3,v3,1,25.5,0.902380952380952,44.2105263157895,20,1,NaN,NaN,NaN
two-faults,colored,4,v0,1,51.5,0.0595238095238095,0.473684210526316,0,41,NaN,NaN,NaN
two-faults,colored,4,v1,1,22.5,0.947619047619048,130.736842105263,25,1,NaN,NaN,NaN
two-faults,colored,4,v3a,1,179.5,0.25,0,0,1,NaN,NaN,NaN
two-faults,colored,4,v3,1,31.5,0.878571428571429,0.315789473684211,0,1,NaN,NaN,NaN
emi,white,0,v0,NaN,NaN,NaN,11.8421052631579,0,47,0.52,NaN,NaN
emi,white,0,v1,NaN,NaN,NaN,53.5263157894737,0,0,0,NaN,NaN
emi,white,0,v3a,NaN,NaN,NaN,53.3684210526316,0,0,0,NaN,NaN
emi,white,0,v3,NaN,NaN,NaN,53.5263157894737,0,0,0,NaN,NaN
emi,white,1,v0,NaN,NaN,NaN,11.0526315789474,0,46,0.52,NaN,NaN
emi,white,1,v1,NaN,NaN,NaN,53.3684210526316,0,1,0,NaN,NaN
emi,white,1,v3a,NaN,NaN,NaN,53.3684210526316,0,1,0,NaN,NaN
emi,white,1,v3,NaN,NaN,NaN,53.3684210526316,0,1,0,NaN,NaN
emi,white,2,v0,NaN,NaN,NaN,6.63157894736842,0,48,0.52,NaN,NaN
emi,white,2,v1,NaN,NaN,NaN,53.3684210526316,0,1,0,NaN,NaN
emi,white,2,v3a,NaN,NaN,NaN,53.3684210526316,0,1,0,NaN,NaN
emi,white,2,v3,NaN,NaN,NaN,53.5263157894737,0,1,0,NaN,NaN
emi,white,3,v0,NaN,NaN,NaN,10.8947368421053,0,45,0.52,NaN,NaN
emi,white,3,v1,NaN,NaN,NaN,53.3684210526316,0,1,0,NaN,NaN
emi,white,3,v3a,NaN,NaN,NaN,53.3684210526316,0,1,0,NaN,NaN
emi,white,3,v3,NaN,NaN,NaN,53.3684210526316,0,1,0,NaN,NaN
emi,white,4,v0,NaN,NaN,NaN,11.3684210526316,0,41,0.52,NaN,NaN
emi,white,4,v1,NaN,NaN,NaN,53.3684210526316,0,1,0,NaN,NaN
emi,white,4,v3a,NaN,NaN,NaN,53.3684210526316,0,1,0,NaN,NaN
emi,white,4,v3,NaN,NaN,NaN,53.3684210526316,0,1,0,NaN,NaN
emi,colored,0,v0,NaN,NaN,NaN,6.78947368421053,0,47,0.52,NaN,NaN
emi,colored,0,v1,NaN,NaN,NaN,188.210526315789,25,0,1,NaN,NaN
emi,colored,0,v3a,NaN,NaN,NaN,59.2105263157895,0,0,0,NaN,NaN
emi,colored,0,v3,NaN,NaN,NaN,69.4736842105263,16,0,0,NaN,NaN
emi,colored,1,v0,NaN,NaN,NaN,6.78947368421053,0,46,0.56,NaN,NaN
emi,colored,1,v1,NaN,NaN,NaN,176.684210526316,25,1,0.84,NaN,NaN
emi,colored,1,v3a,NaN,NaN,NaN,58.2631578947368,0,1,0,NaN,NaN
emi,colored,1,v3,NaN,NaN,NaN,67.8947368421053,16,1,0,NaN,NaN
emi,colored,2,v0,NaN,NaN,NaN,7.57894736842105,0,48,0.52,NaN,NaN
emi,colored,2,v1,NaN,NaN,NaN,222.157894736842,25,1,1,NaN,NaN
emi,colored,2,v3a,NaN,NaN,NaN,41.6842105263158,0,1,0,NaN,NaN
emi,colored,2,v3,NaN,NaN,NaN,64.2631578947368,15,1,0,NaN,NaN
emi,colored,3,v0,NaN,NaN,NaN,6.15789473684211,0,45,0.52,NaN,NaN
emi,colored,3,v1,NaN,NaN,NaN,166.105263157895,25,1,0,NaN,NaN
emi,colored,3,v3a,NaN,NaN,NaN,43.421052631579,0,1,0,NaN,NaN
emi,colored,3,v3,NaN,NaN,NaN,107.842105263158,20,1,0,NaN,NaN
emi,colored,4,v0,NaN,NaN,NaN,6.94736842105263,0,41,0.52,NaN,NaN
emi,colored,4,v1,NaN,NaN,NaN,216,25,1,0,NaN,NaN
emi,colored,4,v3a,NaN,NaN,NaN,58.7368421052632,0,1,0,NaN,NaN
emi,colored,4,v3,NaN,NaN,NaN,63,0,1,0,NaN,NaN
bme-fault,white,0,v0,NaN,NaN,NaN,5.68421052631579,0,23,NaN,0,0
bme-fault,white,0,v1,NaN,NaN,NaN,0,0,0,NaN,0.861111111111111,0
bme-fault,white,0,v3a,NaN,NaN,NaN,0,0,0,NaN,0.872222222222222,0
bme-fault,white,0,v3,NaN,NaN,NaN,1.57894736842105,0,0,NaN,0.872222222222222,0.05
bme-fault,white,1,v0,NaN,NaN,NaN,4.89473684210526,0,23,NaN,0,0
bme-fault,white,1,v1,NaN,NaN,NaN,0,0,1,NaN,0.822222222222222,0
bme-fault,white,1,v3a,NaN,NaN,NaN,0,0,1,NaN,0.866666666666667,0
bme-fault,white,1,v3,NaN,NaN,NaN,5.05263157894737,0,1,NaN,0.866666666666667,0.116666666666667
bme-fault,white,2,v0,NaN,NaN,NaN,0.473684210526316,0,23,NaN,0,0
bme-fault,white,2,v1,NaN,NaN,NaN,0,0,1,NaN,0.227777777777778,0
bme-fault,white,2,v3a,NaN,NaN,NaN,0,0,1,NaN,0.444444444444444,0
bme-fault,white,2,v3,NaN,NaN,NaN,56.3684210526316,0,1,NaN,0.511111111111111,0.75
bme-fault,white,3,v0,NaN,NaN,NaN,4.73684210526316,0,23,NaN,0,0
bme-fault,white,3,v1,NaN,NaN,NaN,0,0,1,NaN,0.883333333333333,0
bme-fault,white,3,v3a,NaN,NaN,NaN,0,0,1,NaN,0.888888888888889,0
bme-fault,white,3,v3,NaN,NaN,NaN,0,0,1,NaN,0.888888888888889,0
bme-fault,white,4,v0,NaN,NaN,NaN,5.21052631578947,0,22,NaN,0,0
bme-fault,white,4,v1,NaN,NaN,NaN,0,0,1,NaN,0.872222222222222,0
bme-fault,white,4,v3a,NaN,NaN,NaN,0,0,1,NaN,0.922222222222222,0
bme-fault,white,4,v3,NaN,NaN,NaN,0,0,1,NaN,0.922222222222222,0
bme-fault,colored,0,v0,NaN,NaN,NaN,0.631578947368421,0,23,NaN,0,0
bme-fault,colored,0,v1,NaN,NaN,NaN,189.315789473684,25,0,NaN,0.622222222222222,1
bme-fault,colored,0,v3a,NaN,NaN,NaN,0,0,0,NaN,0,0
bme-fault,colored,0,v3,NaN,NaN,NaN,4.89473684210526,16,0,NaN,0,0.0222222222222222
bme-fault,colored,1,v0,NaN,NaN,NaN,0.473684210526316,0,23,NaN,0,0
bme-fault,colored,1,v1,NaN,NaN,NaN,194.052631578947,25,1,NaN,0.733333333333333,1
bme-fault,colored,1,v3a,NaN,NaN,NaN,0,0,1,NaN,0.00555555555555556,0
bme-fault,colored,1,v3,NaN,NaN,NaN,9,16,1,NaN,0.00555555555555556,0.111111111111111
bme-fault,colored,2,v0,NaN,NaN,NaN,1.57894736842105,0,23,NaN,0,0.00555555555555556
bme-fault,colored,2,v1,NaN,NaN,NaN,184.894736842105,25,1,NaN,0.111111111111111,1
bme-fault,colored,2,v3a,NaN,NaN,NaN,0,0,1,NaN,0,0
bme-fault,colored,2,v3,NaN,NaN,NaN,2.68421052631579,15,1,NaN,0,0
bme-fault,colored,3,v0,NaN,NaN,NaN,0,0,23,NaN,0,0
bme-fault,colored,3,v1,NaN,NaN,NaN,113.526315789474,25,1,NaN,0,1
bme-fault,colored,3,v3a,NaN,NaN,NaN,0,0,1,NaN,0.0111111111111111,0
bme-fault,colored,3,v3,NaN,NaN,NaN,44.2105263157895,20,1,NaN,0.0333333333333333,1
bme-fault,colored,4,v0,NaN,NaN,NaN,1.10526315789474,0,22,NaN,0,0.0166666666666667
bme-fault,colored,4,v1,NaN,NaN,NaN,215.684210526316,25,1,NaN,0.105555555555556,1
bme-fault,colored,4,v3a,NaN,NaN,NaN,0,0,1,NaN,0.0111111111111111,0
bme-fault,colored,4,v3,NaN,NaN,NaN,0.315789473684211,0,1,NaN,0.0111111111111111,0
hyst-relax,white,0,v0,1,2.5,0.280952380952381,1.26315789473684,2,47,NaN,NaN,NaN
hyst-relax,white,0,v1,1,4.5,0.980952380952381,89.6842105263158,25,0,NaN,NaN,NaN
hyst-relax,white,0,v3a,1,4.5,0.980952380952381,93,25,0,NaN,NaN,NaN
hyst-relax,white,0,v3,1,3.5,0.985714285714286,146.684210526316,25,0,NaN,NaN,NaN
hyst-relax,white,1,v0,1,5.5,0.29047619047619,0.157894736842105,1,46,NaN,NaN,NaN
hyst-relax,white,1,v1,1,5.5,0.976190476190476,34.2631578947368,19,1,NaN,NaN,NaN
hyst-relax,white,1,v3a,1,5.5,0.976190476190476,49.7368421052632,20,1,NaN,NaN,NaN
hyst-relax,white,1,v3,1,3.5,0.985714285714286,159.315789473684,22,1,NaN,NaN,NaN
hyst-relax,white,2,v0,1,3.5,0.3,0.157894736842105,0,48,NaN,NaN,NaN
hyst-relax,white,2,v1,1,4.5,0.980952380952381,0,0,1,NaN,NaN,NaN
hyst-relax,white,2,v3a,1,4.5,0.980952380952381,0,0,1,NaN,NaN,NaN
hyst-relax,white,2,v3,1,3.5,0.985714285714286,31.1052631578947,0,1,NaN,NaN,NaN
hyst-relax,white,3,v0,1,3.5,0.266666666666667,0.315789473684211,0,45,NaN,NaN,NaN
hyst-relax,white,3,v1,1,4.5,0.980952380952381,111.473684210526,25,1,NaN,NaN,NaN
hyst-relax,white,3,v3a,1,4.5,0.980952380952381,113.210526315789,25,1,NaN,NaN,NaN
hyst-relax,white,3,v3,1,4.5,0.980952380952381,154.578947368421,25,1,NaN,NaN,NaN
hyst-relax,white,4,v0,1,3.5,0.261904761904762,0.315789473684211,0,41,NaN,NaN,NaN
hyst-relax,white,4,v1,1,5.5,0.976190476190476,112.578947368421,22,1,NaN,NaN,NaN
hyst-relax,white,4,v3a,1,4.5,0.980952380952381,108.315789473684,22,1,NaN,NaN,NaN
hyst-relax,white,4,v3,1,4.5,0.980952380952381,132.157894736842,24,1,NaN,NaN,NaN
hyst-relax,colored,0,v0,1,14.5,0.104761904761905,0.631578947368421,0,47,NaN,NaN,NaN
hyst-relax,colored,0,v1,1,24.5,0.885714285714286,150.631578947368,25,0,NaN,NaN,NaN
hyst-relax,colored,0,v3a,1,112.5,0.466666666666667,0,0,0,NaN,NaN,NaN
hyst-relax,colored,0,v3,1,25.5,0.880952380952381,4.42105263157895,16,0,NaN,NaN,NaN
hyst-relax,colored,1,v0,1,100.5,0.0714285714285714,0.473684210526316,0,46,NaN,NaN,NaN
hyst-relax,colored,1,v1,1,0.5,1,128.684210526316,25,1,NaN,NaN,NaN
hyst-relax,colored,1,v3a,1,19.5,0.90952380952381,0,0,1,NaN,NaN,NaN
hyst-relax,colored,1,v3,1,15.5,0.928571428571429,1.73684210526316,11,1,NaN,NaN,NaN
hyst-relax,colored,2,v0,1,27.5,0.0285714285714286,1.42105263157895,0,48,NaN,NaN,NaN
hyst-relax,colored,2,v1,1,0.5,1,145.105263157895,25,1,NaN,NaN,NaN
hyst-relax,colored,2,v3a,1,95.5,0.547619047619048,0,0,1,NaN,NaN,NaN
hyst-relax,colored,2,v3,1,19.5,0.90952380952381,2.68421052631579,15,1,NaN,NaN,NaN
hyst-relax,colored,3,v0,1,17.5,0.0380952380952381,0,0,45,NaN,NaN,NaN
hyst-relax,colored,3,v1,1,35.5,0.547619047619048,105.315789473684,25,1,NaN,NaN,NaN
hyst-relax,colored,3,v3a,1,73.5,0.652380952380952,0,0,1,NaN,NaN,NaN
hyst-relax,colored,3,v3,1,16.5,0.923809523809524,44.0526315789474,19,1,NaN,NaN,NaN
hyst-relax,colored,4,v0,1,11.5,0.0714285714285714,0.947368421052632,0,41,NaN,NaN,NaN
hyst-relax,colored,4,v1,1,0.5,1,161.052631578947,25,1,NaN,NaN,NaN
hyst-relax,colored,4,v3a,1,136.5,0.352380952380952,0,0,1,NaN,NaN,NaN
hyst-relax,colored,4,v3,1,13.5,0.938095238095238,0.473684210526316,0,1,NaN,NaN,NaN
day-cycle,white,0,v0,1,3.5,0.388888888888889,20.8421052631579,16,0,NaN,NaN,NaN
day-cycle,white,0,v1,1,4.5,0.977777777777778,0,0,0,NaN,NaN,NaN
day-cycle,white,0,v3a,1,4.5,0.977777777777778,0,0,0,NaN,NaN,NaN
day-cycle,white,0,v3,1,4.5,0.977777777777778,0,0,0,NaN,NaN,NaN
day-cycle,white,1,v0,1,4.5,0.388888888888889,18.3157894736842,16,0,NaN,NaN,NaN
day-cycle,white,1,v1,1,4.5,0.977777777777778,0,0,0,NaN,NaN,NaN
day-cycle,white,1,v3a,1,4.5,0.977777777777778,0,0,0,NaN,NaN,NaN
day-cycle,white,1,v3,1,4.5,0.977777777777778,0.157894736842105,0,0,NaN,NaN,NaN
day-cycle,white,2,v0,1,3.5,0.383333333333333,1.89473684210526,8,0,NaN,NaN,NaN
day-cycle,white,2,v1,1,4.5,0.977777777777778,0,0,0,NaN,NaN,NaN
day-cycle,white,2,v3a,1,4.5,0.977777777777778,0,0,0,NaN,NaN,NaN
day-cycle,white,2,v3,1,3.5,0.983333333333333,0,0,0,NaN,NaN,NaN
day-cycle,white,3,v0,1,4.5,0.394444444444444,18.7894736842105,16,0,NaN,NaN,NaN
day-cycle,white,3,v1,1,4.5,0.977777777777778,0,0,0,NaN,NaN,NaN
day-cycle,white,3,v3a,1,4.5,0.977777777777778,0,0,0,NaN,NaN,NaN
day-cycle,white,3,v3,1,3.5,0.983333333333333,0,0,0,NaN,NaN,NaN
day-cycle,white,4,v0,1,7.5,0.394444444444444,17.6842105263158,16,0,NaN,NaN,NaN
day-cycle,white,4,v1,1,4.5,0.977777777777778,0,0,0,NaN,NaN,NaN
day-cycle,white,4,v3a,1,4.5,0.977777777777778,0,0,0,NaN,NaN,NaN
day-cycle,white,4,v3,1,4.5,0.977777777777778,0,0,0,NaN,NaN,NaN
day-cycle,colored,0,v0,1,17.5,0.116666666666667,0.157894736842105,0,0,NaN,NaN,NaN
day-cycle,colored,0,v1,1,0.5,1,82.8947368421053,25,0,NaN,NaN,NaN
day-cycle,colored,0,v3a,1,42.5,0.766666666666667,0,0,0,NaN,NaN,NaN
day-cycle,colored,0,v3,1,17.5,0.905555555555556,32.3684210526316,11,0,NaN,NaN,NaN
day-cycle,colored,1,v0,1,22.5,0.15,2.21052631578947,6,0,NaN,NaN,NaN
day-cycle,colored,1,v1,1,11.5,0.905555555555556,149.052631578947,25,0,NaN,NaN,NaN
day-cycle,colored,1,v3a,1,57.5,0.683333333333333,0,0,0,NaN,NaN,NaN
day-cycle,colored,1,v3,1,16.5,0.911111111111111,2.05263157894737,7,0,NaN,NaN,NaN
day-cycle,colored,2,v0,1,8.5,0.15,0.631578947368421,0,0,NaN,NaN,NaN
day-cycle,colored,2,v1,1,0.5,1,161.210526315789,25,0,NaN,NaN,NaN
day-cycle,colored,2,v3a,1,54.5,0.7,0,0,0,NaN,NaN,NaN
day-cycle,colored,2,v3,1,20.5,0.888888888888889,3.47368421052632,18,0,NaN,NaN,NaN
day-cycle,colored,3,v0,1,23.5,0.161111111111111,0.157894736842105,0,0,NaN,NaN,NaN
day-cycle,colored,3,v1,1,18.5,0.9,125.052631578947,25,0,NaN,NaN,NaN
day-cycle,colored,3,v3a,1,43.5,0.761111111111111,3.47368421052632,15,0,NaN,NaN,NaN
day-cycle,colored,3,v3,1,26.5,0.855555555555556,38.0526315789474,21,0,NaN,NaN,NaN
day-cycle,colored,4,v0,1,25.5,0.166666666666667,0.947368421052632,0,0,NaN,NaN,NaN
day-cycle,colored,4,v1,1,0.5,1,124.894736842105,25,0,NaN,NaN,NaN
day-cycle,colored,4,v3a,1,36.5,0.8,0,0,0,NaN,NaN,NaN
day-cycle,colored,4,v3,1,25.5,0.861111111111111,0,0,0,NaN,NaN,NaN
